{"cameraMode":{"drawMode":0,"name":"Shaded","section":"Shading Mode"},"sceneLighting":false,"audioPlay":false,"sceneViewState":{"showFog":true,"showMaterialUpdate":false,"showSkybox":false,"showFlares":true,"showImageEffects":true,"showParticleSystems":true},"in2DMode":false,"pivot":{"x":0.0005664825439453125,"y":0.8154119849205017,"z":0.0},"rotation":{"x":0.23221822082996369,"y":0.36561620235443118,"z":-0.09472149610519409,"w":0.8963415026664734},"size":1.178562879562378,"orthographic":true}