{"cameraMode":{"drawMode":0,"name":"Shaded","section":"Shading Mode"},"sceneLighting":true,"audioPlay":false,"sceneViewState":{"showFog":true,"showMaterialUpdate":false,"showSkybox":true,"showFlares":true,"showImageEffects":true,"showParticleSystems":true},"in2DMode":false,"pivot":{"x":-1.866943359375,"y":3.429931640625,"z":7.7724609375},"rotation":{"x":0.23221822082996369,"y":0.36561620235443118,"z":-0.09472149610519409,"w":0.8963415026664734},"size":29.24385643005371,"orthographic":true}