{"cameraMode":{"drawMode":0,"name":"Shaded","section":"Shading Mode"},"sceneLighting":false,"audioPlay":false,"sceneViewState":{"showFog":true,"showMaterialUpdate":false,"showSkybox":false,"showFlares":true,"showImageEffects":true,"showParticleSystems":true},"in2DMode":false,"pivot":{"x":2.386301279067993,"y":2.814516544342041,"z":-8.96603012084961},"rotation":{"x":0.23221822082996369,"y":0.36561620235443118,"z":-0.09472149610519409,"w":0.8963415026664734},"size":1.1786162853240967,"orthographic":true}