{"cameraMode":{"drawMode":0,"name":"Shaded","section":"Shading Mode"},"sceneLighting":false,"audioPlay":false,"sceneViewState":{"showFog":true,"showMaterialUpdate":false,"showSkybox":true,"showFlares":true,"showImageEffects":true,"showParticleSystems":true},"in2DMode":false,"pivot":{"x":0.34397605061531069,"y":0.7482646107673645,"z":-0.8973566889762878},"rotation":{"x":-0.0670909509062767,"y":0.906550407409668,"z":-0.38575395941734316,"w":-0.1576686054468155},"size":3.3073947429656984,"orthographic":false}